{
  "author": {
    "name": "https://github.com/angular-ui/bootstrap/graphs/contributors"
  },
  "name": "angular-bootstrap",
  "keywords": [
    "angular",
    "angular-ui",
    "bootstrap"
  ],
  "license": "MIT",
  "ignore": [],
  "description": "Native AngularJS (Angular) directives for Bootstrap.",
  "version": "1.2.5",
  "main": [
    "./ui-bootstrap-tpls.js"
  ],
  "dependencies": {
    "angular": ">=1.4.0"
  },
  "homepage": "https://github.com/angular-ui/bootstrap-bower",
  "_release": "1.2.5",
  "_resolution": {
    "type": "version",
    "tag": "1.2.5",
    "commit": "27ed60224bddfe0b0830447705223468eaae4b20"
  },
  "_source": "git://github.com/angular-ui/bootstrap-bower.git",
  "_target": "^1.2.5",
  "_originalSource": "angular-bootstrap",
  "_direct": true
}