{
  "name": "angular-route",
  "version": "1.5.2",
  "license": "MIT",
  "main": "./angular-route.js",
  "ignore": [],
  "dependencies": {
    "angular": "1.5.2"
  },
  "homepage": "https://github.com/angular/bower-angular-route",
  "_release": "1.5.2",
  "_resolution": {
    "type": "version",
    "tag": "v1.5.2",
    "commit": "90a39e18d8900c950650d235f528c763f4f445ac"
  },
  "_source": "git://github.com/angular/bower-angular-route.git",
  "_target": "^1.5.2",
  "_originalSource": "angular-route",
  "_direct": true
}